"Ashfield","http://www.ashfield.nsw.gov.au"
"Auburn","http://www.auburn.nsw.gov.au"
"Bankstown","http://www.bankstown.nsw.gov.au"
"Baulkham Hills","http://www.baulkhamhills.nsw.gov.au"
"Blacktown","http://www.blacktown.nsw.gov.au"
"Blue Mountains","http://www.bmcc.nsw.gov.au"
"Botany Bay","http://www.botanybay.nsw.gov.au"
"Burwood","http://www.burwood.nsw.gov.au"
"Camden","http://www.camden.nsw.gov.au"
"Campbelltown","http://www.campbelltown.nsw.gov.au"
"Canada Bay","http://www.canadabay.nsw.gov.au"
"Canterbury","http://www.canterbury.nsw.gov.au"
"Cessnock","http://www.cessnock.nsw.gov.au"
"Fairfield","http://www.fairfield.nsw.gov.au"
"Gosford","http://www.gosford.nsw.gov.au"
"Hawkesbury","http://www.hawkesbury.nsw.gov.au"
"Holroyd","http://www.holroyd.nsw.gov.au"
"Hornsby","http://www.hornsby.nsw.gov.au"
"Hunters Hill","http://www.huntershill.nsw.gov.au"
"Hurstville","http://www.hurstville.nsw.gov.au"
"Kiama","http://www.kiama.nsw.gov.au"
"Kogarah","http://www.kogarah.nsw.gov.au"
"Ku-ring-gai","http://www.kmc.nsw.gov.au"
"Lake Macquarie","http://www.lakemac.nsw.gov.au"
"Lane Cove","http://www.lanecove.nsw.gov.au"
"Leichhardt","http://www.leichhardt.nsw.gov.au"
"Liverpool","http://www.liverpool.nsw.gov.au"
"Maitland","http://www.maitland.nsw.gov.au"
"Manly","http://www.manly.nsw.gov.au"
"Marrickville","http://www.marrickville.nsw.gov.au"
"Mosman","http://www.mosman.nsw.gov.au"
"Newcastle","http://www.newcastle.nsw.gov.au"
"North Sydney","http://www.northsydney.nsw.gov.au"
"Parramatta","http://www.parramatta.nsw.gov.au"
"Penrith","http://www.penrith.nsw.gov.au"
"Pittwater","http://www.pittwater.nsw.gov.au"
"Port Stephens","http://www.portstephens.nsw.gov.au"
"Randwick","http://www.randwick.nsw.gov.au"
"Rockdale","http://www.rockdale.nsw.gov.au"
"Ryde","http://www.ryde.nsw.gov.au"
"Shellharbour","http://www.shellharbour.nsw.gov.au"
"Strathfield","http://www.strathfield.nsw.gov.au"
"Sutherland","http://www.sutherland.nsw.gov.au"
"Sydney","http://www.sydney.nsw.gov.au"
"Warringah","http://www.warringah.nsw.gov.au"
"Waverley","http://www.waverley.nsw.gov.au"
"Willoughby","http://www.willoughby.nsw.gov.au"
"Wollondilly","http://www.wollondilly.nsw.gov.au"
"Wollongong","http://www.wollongong.nsw.gov.au"
"Woollahra","http://www.woollahra.nsw.gov.au"
"Wyong","http://www.wyong.nsw.gov.au"
